{
  "charuco": {
    "columns": 5,
    "rows": 7,
    "board_height": 59.4,
    "board_width": 84.1,
    "dictionary": "DICT_4X4_50",
    "aruco_scale": 0.75,
    "inverted": false,
    "square_size_overide_cm": 11.9
  },
  "cameras": {
    "1": {
      "size": [
        3840,
        2160
      ],
      "rotation_count": 0,
      "error": 0.5919061579339702,
      "fisheye": false,
      "ignore": false,
      "matrix": [
        [
          1838.9909822086972,
          0.0,
          1945.1221186435027
        ],
        [
          0.0,
          1836.1426722586411,
          1045.9192919846087
        ],
        [
          0.0,
          0.0,
          1.0
        ]
      ],
      "distortions": [
        0.001476360782304813,
        -0.007642122795172054,
        -0.005265292784739162,
        0.003756364073871928,
        0.00779915992962273
      ],
      "rotation": [
        [
          -0.710427412444492,
          0.7036663547166497,
          -0.012105902990100679
        ],
        [
          0.0006314105795284435,
          -0.016564197273450917,
          -0.9998626049059773
        ],
        [
          -0.7037701989769843,
          -0.7103374469985854,
          0.01132335742737155
        ]
      ],
      "translation": [
        -0.05903311170241911,
        0.9424094524097046,
        6.288949674921635
      ],
      "grid_count": 30
    },
    "2": {
      "size": [
        3840,
        2160
      ],
      "rotation_count": 0,
      "error": 0.49538393057759567,
      "fisheye": false,
      "ignore": false,
      "matrix": [
        [
          1842.480137444848,
          0.0,
          1924.7273768842877
        ],
        [
          0.0,
          1843.4468518386352,
          1052.7895783274926
        ],
        [
          0.0,
          0.0,
          1.0
        ]
      ],
      "distortions": [
        0.0005509129931910949,
        0.003265003011504131,
        -0.0035604989377496592,
        0.00025909636527487805,
        -0.00016846798630150973
      ],
      "rotation": [
        [
          0.6891172544535398,
          0.7245794845947687,
          -0.010098520624073886
        ],
        [
          -0.014932686682254209,
          0.0002663306911946001,
          -0.9998884657482617
        ],
        [
          -0.724495979618152,
          0.6891911923206376,
          0.011003451494535686
        ]
      ],
      "translation": [
        0.2716223714753207,
        0.9653522563503502,
        6.178957052458917
      ],
      "grid_count": 30
    },
    "3": {
      "size": [
        3840,
        2160
      ],
      "rotation_count": 0,
      "error": 0.5668417559474344,
      "fisheye": false,
      "ignore": false,
      "matrix": [
        [
          1844.8318126757524,
          0.0,
          1930.1084612884179
        ],
        [
          0.0,
          1844.6330487437754,
          1073.106816676765
        ],
        [
          0.0,
          0.0,
          1.0
        ]
      ],
      "distortions": [
        0.0028333391357487346,
        -0.004300599306127237,
        -0.0003580886228641011,
        0.0020296791758051534,
        0.005880662795984818
      ],
      "rotation": [
        [
          0.6538282013556086,
          -0.7565716094469486,
          0.010396292172889782
        ],
        [
          -0.023623124974987177,
          -0.034144543892217695,
          -0.9991376772441367
        ],
        [
          0.7562741771860961,
          0.6530187975098775,
          -0.0401972514016488
        ]
      ],
      "translation": [
        -0.6173687061118399,
        0.6902634435207671,
        6.390533159734618
      ],
      "grid_count": 30
    },
    "4": {
      "size": [
        3840,
        2160
      ],
      "rotation_count": 0,
      "error": 0.5852026863386406,
      "fisheye": false,
      "ignore": false,
      "matrix": [
        [
          1830.7459404443282,
          0.0,
          1936.357702976539
        ],
        [
          0.0,
          1831.5780312355594,
          1054.9546226014081
        ],
        [
          0.0,
          0.0,
          1.0
        ]
      ],
      "distortions": [
        0.010479094954883776,
        -0.027823849176215946,
        -0.003750209471204262,
        0.0023263315381288675,
        0.02157756876948734
      ],
      "rotation": [
        [
          -0.7540521708348367,
          -0.6565221571653544,
          -0.01959542829897415
        ],
        [
          0.021681742920927092,
          0.0049372555488758265,
          -0.9997527321950942
        ],
        [
          0.6564565680097822,
          -0.7542905810485735,
          0.010511596368955526
        ]
      ],
      "translation": [
        -0.261326798280746,
        0.9761603713057305,
        6.277144327603877
      ],
      "grid_count": 30
    }
  }
}