{
  "charuco": {
    "columns": 5,
    "rows": 7,
    "board_height": 59.4,
    "board_width": 84.1,
    "dictionary": "DICT_4X4_50",
    "aruco_scale": 0.75,
    "inverted": false,
    "square_size_overide_cm": 11.7
  },
  "cameras": {
    "1": {
      "size": [
        1920,
        1080
      ],
      "rotation_count": 0,
      "error": 0.36311098416014803,
      "fisheye": false,
      "ignore": false,
      "matrix": [
        [
          917.6585583450014,
          0.0,
          965.7963914997623
        ],
        [
          0.0,
          917.4934573031089,
          524.8312971772024
        ],
        [
          0.0,
          0.0,
          1.0
        ]
      ],
      "distortions": [
        0.007937766364390256,
        -0.01519186420169217,
        -0.0036381209806426846,
        0.0015439960168546745,
        0.012507552414647368
      ],
      "rotation": [
        [
          -0.7231599946023203,
          0.690654552899263,
          -0.005992559243887515
        ],
        [
          -0.0009649822644730479,
          -0.009686625310862442,
          -0.9999526179271281
        ],
        [
          -0.6906798759309568,
          -0.7231199470693683,
          0.007671449301943374
        ]
      ],
      "translation": [
        0.01802327972549362,
        0.9229417835361567,
        5.982421120293113
      ],
      "grid_count": 30
    },
    "2": {
      "size": [
        1920,
        1080
      ],
      "rotation_count": 0,
      "error": 0.253027166803915,
      "fisheye": false,
      "ignore": false,
      "matrix": [
        [
          1238.649749740535,
          0.0,
          964.1289520429607
        ],
        [
          0.0,
          1236.3678373341243,
          516.1919566598942
        ],
        [
          0.0,
          0.0,
          1.0
        ]
      ],
      "distortions": [
        0.05604238807431725,
        -0.20538029859653617,
        -0.005856585441319087,
        0.0011644845094867854,
        0.22694508961431234
      ],
      "rotation": [
        [
          0.6925652175923863,
          0.7213105632618314,
          -0.008030610693480912
        ],
        [
          -0.02135291641039402,
          0.00937163625322497,
          -0.9997280757259489
        ],
        [
          -0.7210391614482405,
          0.6925483692572213,
          0.021892553464175554
        ]
      ],
      "translation": [
        0.4230968500767104,
        0.986796188179296,
        6.063906485375286
      ],
      "grid_count": 30
    },
    "3": {
      "size": [
        1920,
        1080
      ],
      "rotation_count": 0,
      "error": 0.2415299035617665,
      "fisheye": false,
      "ignore": false,
      "matrix": [
        [
          1238.50314078621,
          0.0,
          968.5750573900979
        ],
        [
          0.0,
          1237.5855186453123,
          527.9068426527147
        ],
        [
          0.0,
          0.0,
          1.0
        ]
      ],
      "distortions": [
        0.057626657300688534,
        -0.21148931060359563,
        -0.002651883513777607,
        0.002589440433670147,
        0.2329507847686685
      ],
      "rotation": [
        [
          0.6591706625853571,
          -0.75198410287456,
          0.003734516129925146
        ],
        [
          -0.02112453476085699,
          -0.02348098369540633,
          -0.9995010742544675
        ],
        [
          0.7516966087577613,
          0.6587628954552912,
          -0.03136328990144249
        ]
      ],
      "translation": [
        -0.6601075200829942,
        0.7219373086347228,
        6.399001208635541
      ],
      "grid_count": 30
    },
    "4": {
      "size": [
        1920,
        1080
      ],
      "rotation_count": 0,
      "error": 0.2999917283041208,
      "fisheye": false,
      "ignore": false,
      "matrix": [
        [
          1234.9814120543786,
          0.0,
          962.9687554875821
        ],
        [
          0.0,
          1233.8357153585011,
          520.8005399388893
        ],
        [
          0.0,
          0.0,
          1.0
        ]
      ],
      "distortions": [
        0.045547800887355425,
        -0.15776491705632306,
        -0.004448094038470485,
        0.0010581156788593091,
        0.1603198483535591
      ],
      "rotation": [
        [
          -0.7512282921142275,
          -0.659628731706089,
          -0.023366416818959304
        ],
        [
          0.021775683515491237,
          0.01061362231435329,
          -0.9997065422556777
        ],
        [
          0.6596831608693482,
          -0.7515166580516925,
          0.006390613134999617
        ]
      ],
      "translation": [
        -0.3722003749778453,
        0.9862978242578113,
        6.106946353428145
      ],
      "grid_count": 30
    }
  }
}