{
  "charuco": {
    "columns": 5,
    "rows": 7,
    "board_height": 59.4,
    "board_width": 84.1,
    "dictionary": "DICT_4X4_50",
    "aruco_scale": 0.75,
    "inverted": false,
    "square_size_overide_cm": 11.9
  },
  "cameras": {
    "1": {
      "size": [
        1920,
        1080
      ],
      "rotation_count": 0,
      "error": 0.36311140522981217,
      "fisheye": false,
      "ignore": false,
      "matrix": [
        [
          917.6585955855704,
          0.0,
          965.7965191491076
        ],
        [
          0.0,
          917.4935205321366,
          524.8311367021432
        ],
        [
          0.0,
          0.0,
          1.0
        ]
      ],
      "distortions": [
        0.007938193440118547,
        -0.01519249228334394,
        -0.003638138167405457,
        0.0015440005204463893,
        0.01250790419909218
      ],
      "rotation": [
        [
          -0.7141265812107531,
          0.6999381576826439,
          -0.01047861766018013
        ],
        [
          0.0016329978981379574,
          -0.013303331290547697,
          -0.9999101733128026
        ],
        [
          -0.7000146850788969,
          -0.7140795451463376,
          0.008357264952910386
        ]
      ],
      "translation": [
        0.0070537182226376866,
        0.9236361375122267,
        6.080791839860443
      ],
      "grid_count": 30
    },
    "2": {
      "size": [
        1920,
        1080
      ],
      "rotation_count": 0,
      "error": 0.2530275248555015,
      "fisheye": false,
      "ignore": false,
      "matrix": [
        [
          1238.6497261066525,
          0.0,
          964.1292233279539
        ],
        [
          0.0,
          1236.3678954750565,
          516.1916966042363
        ],
        [
          0.0,
          0.0,
          1.0
        ]
      ],
      "distortions": [
        0.05604231757856617,
        -0.2053790533408293,
        -0.005856597239178527,
        0.001164485712912793,
        0.22694299693275824
      ],
      "rotation": [
        [
          0.6898205613774407,
          0.7239163364238745,
          -0.00962969156041238
        ],
        [
          -0.02024017461415403,
          0.005987628912052489,
          -0.9997772169996675
        ],
        [
          -0.723697401150855,
          0.6898617877217488,
          0.018782582592689858
        ]
      ],
      "translation": [
        0.45995846577386945,
        0.9888824101662734,
        6.1848630003596
      ],
      "grid_count": 30
    },
    "3": {
      "size": [
        1920,
        1080
      ],
      "rotation_count": 0,
      "error": 0.2415311117314775,
      "fisheye": false,
      "ignore": false,
      "matrix": [
        [
          1238.5032465805486,
          0.0,
          968.5752362582197
        ],
        [
          0.0,
          1237.585714990056,
          527.9068911244549
        ],
        [
          0.0,
          0.0,
          1.0
        ]
      ],
      "distortions": [
        0.057626534629249444,
        -0.21148807841038603,
        -0.002651763045807726,
        0.002589441793494308,
        0.2329489262625851
      ],
      "rotation": [
        [
          0.6487717886690579,
          -0.7609290076698012,
          0.009067056512609249
        ],
        [
          -0.02012472283656791,
          -0.029066759945144294,
          -0.9993748641010751
        ],
        [
          0.760716873585635,
          0.6481837461344913,
          -0.034171179218084644
        ]
      ],
      "translation": [
        -0.6649508621293809,
        0.7185953281723645,
        6.55478010827179
      ],
      "grid_count": 30
    },
    "4": {
      "size": [
        1920,
        1080
      ],
      "rotation_count": 0,
      "error": 0.29999138602846936,
      "fisheye": false,
      "ignore": false,
      "matrix": [
        [
          1234.9815828351573,
          0.0,
          962.9691619310307
        ],
        [
          0.0,
          1233.8359379628657,
          520.8003238232699
        ],
        [
          0.0,
          0.0,
          1.0
        ]
      ],
      "distortions": [
        0.045547450782842905,
        -0.157763196604713,
        -0.004448078172718069,
        0.0010581230262949953,
        0.160317672676384
      ],
      "rotation": [
        [
          -0.749366167055053,
          -0.6618855154968569,
          -0.018918563599771048
        ],
        [
          0.019321107207240236,
          0.006702100195124749,
          -0.9997908664662135
        ],
        [
          0.6618738871488322,
          -0.7495749770559541,
          0.007766033869394559
        ]
      ],
      "translation": [
        -0.41406347924154996,
        0.9874948389261688,
        6.246745744297351
      ],
      "grid_count": 30
    }
  }
}